{
    "p_1_1": 1.0,
    "p_1_2": 0.002,
    "p_2_1": 1.0,
    "p_2_2": 0.00175,
    "p_3_1": 1.0,
    "p_3_2": 0.0005,
    "p_4_1": 1.0,
    "p_4_2": 6e-05,
    "p_5_1": 1.0,
    "p_5_2": 3e-06,
    "p_6_1": 0.014999625,
    "p_6_2": 6e-06,
    "p_7_1": 0.41482,
    "p_7_2": 0.045,
    "p_8_1": 80.357,
    "p_8_2": 0.18,
    "p_9_1": 0.096786,
    "p_9_2": 0.0105,
    "p_10_1": 18.75,
    "p_10_2": 0.042001,
    "p_11_1": 6.0,
    "p_12_1": 1e-05,
    "p_13_1": 0.0001,
    "p_14_1": 1.3,
    "p_14_2": 0.001,
    "p_15_1": 90.6537658442,
    "p_15_2": 0.0024660000000000003,
    "p_16_1": 60.0,
    "p_16_2": 1e-05,
    "p_17_1": 3.0,
    "p_17_2": 0.001,
    "p_18_1": 3600000.0,
    "p_18_2": 0.14400000000000002,
    "p_19_1": 1.0,
    "p_19_2": 0.006,
    "p_20_1": 0.465,
    "p_20_2": 0.01,
    "p_21_1": 72000.0,
    "p_21_2": 0.07200000000000001,
    "p_22_1": 3.6,
    "p_22_2": 0.01,
    "p_23_1": 0.6,
    "p_23_2": 0.0005,
    "p_24_1": 30.0,
    "p_24_2": 0.001,
    "p_25_1": 0.28800000000000003,
    "p_26_1": 8.0,
    "p_27_1": 500.0,
    "p_28_1": 488999999.99999994,
    "p_28_2": 0.001,
    "p_29_1": 488999999.99999994,
    "p_29_2": 0.001,
    "p_30_1": 488999999.99999994,
    "p_30_2": 0.001,
    "p_31_1": 488999999.99999994,
    "p_31_2": 0.001,
    "p_32_1": 488999999.99999994,
    "p_32_2": 0.001,
    "p_33_1": 488999999.99999994,
    "p_33_2": 0.001,
    "p_34_1": 488999999.99999994,
    "p_34_2": 0.001,
    "p_35_1": 488999999.99999994,
    "p_35_2": 0.001,
    "p_36_1": 110.58999999999999,
    "p_36_2": 0.001,
    "p_37_1": 0.025,
    "p_38_1": 1800.0,
    "p_38_2": 0.36,
    "p_39_1": 50.0,
    "p_39_2": 0.0001,
    "p_40_1": 19.231,
    "p_40_2": 0.001,
    "p_41_1": 1000.2,
    "p_41_2": 0.0001,
    "p_42_1": 50.0,
    "p_42_2": 0.005,
    "p_43_1": 0.3431978192,
    "p_43_2": 0.0014,
    "p_44_1": 0.00035,
    "p_45_1": 3e-06,
    "p_46_1": 0.00035,
    "p_47_1": 0.00035,
    "p_48_1": 0.3431978192,
    "p_48_2": 0.0014,
    "p_49_1": 0.3431978192,
    "p_49_2": 0.0014,
    "p_50_1": 0.006,
    "p_51_1": 0.006,
    "p_52_1": 599995.2000384,
    "p_52_2": 0.002,
    "p_53_1": 924009.46185689,
    "p_53_2": 0.002,
    "p_54_1": 0.00035,
    "p_55_1": 7199942.4004608,
    "p_55_2": 0.024,
    "p_56_1": 11088113.542283,
    "p_56_2": 0.024,
    "p_57_1": 0.3431978192,
    "p_57_2": 0.0014,
    "p_58_1": 0.00035,
    "p_59_1": 0.3431978192,
    "p_59_2": 0.0014,
    "p_60_1": 0.0005,
    "p_61_1": 0.0005,
    "p_62_1": 0.025,
    "p_63_1": 0.14400000000000002,
    "p_64_1": 0.00015,
    "p_65_1": 0.0079998,
    "p_65_2": 0.0086348,
    "p_66_1": 0.0006,
    "p_66_2": 0.0001,
    "p_67_1": 3e-06,
    "p_68_1": 0.0025,
    "p_69_1": 0.01,
    "p_70_1": 0.075,
    "p_71_1": 0.16,
    "p_72_1": 1.0,
    "p_72_2": 0.0016,
    "p_73_1": 1.0,
    "p_73_2": 0.0002,
    "p_74_1": 75.0,
    "p_74_2": 0.025500000000000002,
    "p_75_1": 90.6537658442,
    "p_75_2": 0.0030825,
    "p_76_1": 1.33e-05,
    "p_77_1": 0.0016667000000000001,
    "p_78_1": 25.2,
    "p_78_2": 0.001,
    "p_79_1": 2.52,
    "p_79_2": 0.001,
    "p_80_1": 0.6,
    "p_80_2": 0.001,
    "p_81_1": 0.006,
    "p_81_2": 1.0000000000000001e-07,
    "p_82_1": 0.35719,
    "p_82_2": 0.04572,
    "p_83_1": 0.00011,
    "p_84_1": 0.11733,
    "p_85_1": 0.039200000000000006,
    "p_86_1": 0.035,
    "p_86_2": 0.00033600000000000004,
    "p_87_1": 0.055,
    "p_88_1": 1.035,
    "p_88_2": 0.15732,
    "p_89_1": 0.002,
    "p_90_1": 0.00078582,
    "p_90_2": 0.01143,
    "p_91_1": 0.00207,
    "p_91_2": 0.03933,
    "p_92_1": 733.3216665208,
    "p_92_2": 0.46932,
    "p_93_1": 52.972972973,
    "p_93_2": 0.15680000000000002,
    "p_94_1": 0.02,
    "p_95_1": 1.9999600008,
    "p_95_2": 0.008,
    "p_96_1": 0.0011,
    "p_97_1": 0.010667,
    "p_98_1": 11.9570416105,
    "p_98_2": 0.22,
    "p_99_1": 0.004125,
    "p_100_1": 4.2666,
    "p_100_2": 0.001024,
    "p_101_1": 1.0311468853,
    "p_101_2": 0.0165,
    "p_102_1": 4.9997500125,
    "p_102_2": 0.08,
    "p_103_1": 8.999999999999999e-05,
    "p_104_1": 3e-06,
    "p_105_1": 0.001,
    "p_105_2": 1e-06,
    "p_106_1": 1.3e-05,
    "p_107_1": 10.8839285714,
    "p_107_2": 0.01219,
    "p_108_1": 10.8839285714,
    "p_108_2": 0.01219,
    "p_109_1": 2.7209642857,
    "p_109_2": 0.0030474800000000004,
    "p_110_1": 1.8333333333,
    "p_110_2": 0.0044,
    "p_111_1": 2.9629962944,
    "p_111_2": 0.042666933299999994,
    "p_112_1": 1.2e-06,
    "p_113_1": 0.001,
    "p_113_2": 1e-06,
    "p_114_1": 0.004675,
    "p_115_1": 0.0060335,
    "p_115_2": 7.013600000000001e-05,
    "p_116_1": 0.000256,
    "p_117_1": 31.2,
    "p_117_2": 0.002496,
    "p_118_1": 0.056,
    "p_118_2": 0.000624,
    "p_119_1": 50000.0,
    "p_119_2": 0.001,
    "p_120_1": 1.5625,
    "p_120_2": 0.002,
    "p_121_1": 1.0,
    "p_121_2": 0.002,
    "p_122_1": 0.6666666667,
    "p_122_2": 0.016,
    "p_123_1": 0.0005,
    "p_124_1": 0.0005,
    "p_125_1": 0.004,
    "p_126_1": 1.5625,
    "p_126_2": 0.002,
    "p_127_1": 1.0,
    "p_127_2": 0.002,
    "p_128_1": 0.0005,
    "p_129_1": 0.0005,
    "p_130_1": 0.001,
    "p_130_2": 1e-06,
    "p_131_1": 0.014999625,
    "p_131_2": 4.8e-06,
    "p_132_1": 0.5624859379,
    "p_132_2": 0.00035999999999999997,
    "p_133_1": 0.0030475,
    "p_134_1": 0.0030475,
    "p_135_1": 0.0007618700000000001,
    "p_136_1": 1e-06,
    "p_136_2": 0.001,
    "p_137_1": 179.8076923077,
    "p_137_2": 0.0187,
    "p_138_1": 0.00015,
    "p_139_1": 3e-06,
    "p_140_1": 53.75,
    "p_140_2": 0.0172,
    "p_141_1": 1.3e-05,
    "p_142_1": 0.001,
    "p_142_2": 1e-06,
    "p_143_1": 3.35e-07,
    "p_144_1": 1e-06,
    "p_144_2": 0.001,
    "p_145_1": 0.0002321,
    "p_146_1": 1.3549999999999999e-05,
    "p_147_1": 0.26875,
    "p_147_2": 0.0043,
    "p_148_1": 1e-06,
    "p_148_2": 0.001,
    "p_149_1": 1.32e-05,
    "p_150_1": 1.0,
    "p_150_2": 0.045,
    "p_151_1": 0.001,
    "p_152_1": 0.00192,
    "p_153_1": 1.7499999999999998e-08,
    "p_154_1": 0.001,
    "p_154_2": 1e-06,
    "p_155_1": 0.1746268657,
    "p_155_2": 0.0009360000000000001,
    "p_156_1": 0.034047619,
    "p_156_2": 0.0002288,
    "p_157_1": 1e-06,
    "p_157_2": 0.001,
    "p_158_1": 29.0125,
    "p_158_2": 0.0009284,
    "p_159_1": 1.0,
    "p_159_2": 0.016,
    "p_160_1": 3.8,
    "p_160_2": 0.002376,
    "p_161_1": 0.001,
    "p_161_2": 1e-06,
    "p_162_1": 1.0,
    "p_162_2": 0.019,
    "p_163_1": 2.7216666667,
    "p_163_2": 0.0065320000000000005,
    "p_164_1": 0.0050999999999999995,
    "p_165_1": 1.2,
    "p_165_2": 0.00126,
    "p_166_1": 0.0108695652,
    "p_166_2": 0.00025,
    "p_167_1": 1e-06,
    "p_167_2": 0.001,
    "p_168_1": 220.0,
    "p_168_2": 5.28e-05,
    "p_169_1": 0.0016666667,
    "p_169_2": 5e-05,
    "p_170_1": 1923.0,
    "p_170_2": 0.01,
    "p_171_1": 0.00012,
    "p_171_2": 0.0001,
    "p_172_1": 0.001,
    "p_173_1": 0.05,
    "p_174_1": 0.0012,
    "p_174_2": 0.0001,
    "p_175_1": 0.0012705,
    "p_176_1": 0.0035026000000000002,
    "p_177_1": 0.6,
    "p_177_2": 0.0005,
    "p_178_1": 0.001,
    "p_179_1": 0.0001,
    "p_180_1": 0.018,
    "p_180_2": 0.002,
    "p_181_1": 0.002,
    "p_182_1": 0.0002,
    "p_183_1": 0.6250312516,
    "p_183_2": 0.0125,
    "p_184_1": 0.0016667000000000001,
    "p_185_1": 2.5200342725,
    "p_185_2": 0.05,
    "p_186_1": 160.003200064,
    "p_186_2": 0.8,
    "p_187_1": 75.0,
    "p_187_2": 0.375,
    "p_188_1": 0.00023400000000000002,
    "p_189_1": 5.72e-05,
    "p_190_1": 2.7,
    "p_190_2": 0.0025,
    "p_191_1": 0.0006165000000000001,
    "p_192_1": 0.0016330000000000001,
    "p_193_1": 3e-07,
    "p_194_1": 1923.0,
    "p_194_2": 0.01,
    "p_195_1": 0.025,
    "p_196_1": 0.58665,
    "p_197_1": 0.196,
    "p_198_1": 0.015237500000000001,
    "p_199_1": 0.015237500000000001,
    "p_200_1": 0.00380935,
    "p_201_1": 0.0533339333,
    "p_202_1": 0.00117,
    "p_203_1": 0.00028599999999999996,
    "p_204_1": 0.008164999999999999,
    "p_205_1": 0.01,
    "p_206_1": 0.020625,